LogID,Date,User,Action,ReferenceID,Description
LOG1000,2024-02-15 16:12:34,etaylor,Delete Transaction,REF-1624,Delete Transaction performed by etaylor on reference ID REF-1624.
LOG1001,2024-01-24 19:39:37,asmith,Create Journal Entry,REF-6150,Create Journal Entry performed by asmith on reference ID REF-6150.
LOG1002,2024-01-10 20:07:46,mwilliams,Access Account,REF-7828,Access Account performed by mwilliams on reference ID REF-7828.
LOG1003,2024-10-30 10:53:43,asmith,Update Journal Entry,REF-3766,Update Journal Entry performed by asmith on reference ID REF-3766.
LOG1004,2024-10-27 09:43:20,etaylor,Update Transaction,REF-1396,Update Transaction performed by etaylor on reference ID REF-1396.
LOG1005,2024-02-29 11:45:46,asmith,Create Transaction,REF-9957,Create Transaction performed by asmith on reference ID REF-9957.
LOG1006,2024-06-29 03:40:51,etaylor,Access Account,REF-0285,Access Account performed by etaylor on reference ID REF-0285.
LOG1007,2024-06-22 02:04:17,mwilliams,Update Journal Entry,REF-3911,Update Journal Entry performed by mwilliams on reference ID REF-3911.
LOG1008,2024-07-04 17:36:30,mwilliams,Create Transaction,REF-9775,Create Transaction performed by mwilliams on reference ID REF-9775.
LOG1009,2024-10-21 22:49:05,jdoe,Create Transaction,REF-4508,Create Transaction performed by jdoe on reference ID REF-4508.
LOG1010,2024-05-28 01:27:14,asmith,Access Account,REF-1111,Access Account performed by asmith on reference ID REF-1111.
LOG1011,2024-08-29 17:18:04,cjohnson,Create Transaction,REF-2412,Create Transaction performed by cjohnson on reference ID REF-2412.
LOG1012,2024-07-27 20:40:32,jdoe,Run Report,REF-3692,Run Report performed by jdoe on reference ID REF-3692.
LOG1013,2024-03-16 05:05:47,mwilliams,Create Transaction,REF-0711,Create Transaction performed by mwilliams on reference ID REF-0711.
LOG1014,2024-09-03 18:10:29,etaylor,Create Transaction,REF-0131,Create Transaction performed by etaylor on reference ID REF-0131.
LOG1015,2024-07-25 07:02:16,asmith,Create Journal Entry,REF-6526,Create Journal Entry performed by asmith on reference ID REF-6526.
LOG1016,2024-04-01 13:13:03,etaylor,Update Transaction,REF-2851,Update Transaction performed by etaylor on reference ID REF-2851.
LOG1017,2024-03-26 22:42:25,mwilliams,Run Report,REF-2025,Run Report performed by mwilliams on reference ID REF-2025.
LOG1018,2024-05-11 18:44:34,asmith,Run Report,REF-3410,Run Report performed by asmith on reference ID REF-3410.
LOG1019,2024-05-16 22:58:46,cjohnson,Update Journal Entry,REF-1794,Update Journal Entry performed by cjohnson on reference ID REF-1794.
LOG1020,2024-06-01 15:18:48,jdoe,View Transaction,REF-2225,View Transaction performed by jdoe on reference ID REF-2225.
LOG1021,2024-09-26 09:03:28,etaylor,Delete Transaction,REF-2492,Delete Transaction performed by etaylor on reference ID REF-2492.
LOG1022,2024-05-02 09:18:08,asmith,Create Journal Entry,REF-3993,Create Journal Entry performed by asmith on reference ID REF-3993.
LOG1023,2024-02-23 04:36:21,etaylor,Run Report,REF-9543,Run Report performed by etaylor on reference ID REF-9543.
LOG1024,2024-01-21 20:18:08,cjohnson,Update Transaction,REF-4635,Update Transaction performed by cjohnson on reference ID REF-4635.
LOG1025,2024-08-15 19:26:02,cjohnson,Update Transaction,REF-2083,Update Transaction performed by cjohnson on reference ID REF-2083.
LOG1026,2024-09-13 20:15:08,etaylor,Update Transaction,REF-1778,Update Transaction performed by etaylor on reference ID REF-1778.
LOG1027,2024-01-27 09:43:19,asmith,Delete Transaction,REF-9788,Delete Transaction performed by asmith on reference ID REF-9788.
LOG1028,2024-07-15 20:53:51,mwilliams,Run Report,REF-0401,Run Report performed by mwilliams on reference ID REF-0401.
LOG1029,2024-02-23 13:02:32,mwilliams,Access Account,REF-6205,Access Account performed by mwilliams on reference ID REF-6205.
LOG1030,2024-04-17 19:14:40,jdoe,Create Transaction,REF-8066,Create Transaction performed by jdoe on reference ID REF-8066.
LOG1031,2024-09-03 00:11:34,mwilliams,Create Journal Entry,REF-4894,Create Journal Entry performed by mwilliams on reference ID REF-4894.
LOG1032,2024-06-08 09:40:11,jdoe,Create Journal Entry,REF-5178,Create Journal Entry performed by jdoe on reference ID REF-5178.
LOG1033,2024-08-17 18:43:44,asmith,Update Journal Entry,REF-5448,Update Journal Entry performed by asmith on reference ID REF-5448.
LOG1034,2024-08-11 06:09:36,mwilliams,Create Transaction,REF-7852,Create Transaction performed by mwilliams on reference ID REF-7852.
LOG1035,2024-04-07 04:39:00,jdoe,Access Account,REF-2724,Access Account performed by jdoe on reference ID REF-2724.
LOG1036,2024-09-28 17:12:02,cjohnson,Update Transaction,REF-0147,Update Transaction performed by cjohnson on reference ID REF-0147.
LOG1037,2024-05-13 13:45:16,jdoe,Update Transaction,REF-4116,Update Transaction performed by jdoe on reference ID REF-4116.
LOG1038,2024-06-14 22:43:36,jdoe,Update Journal Entry,REF-4775,Update Journal Entry performed by jdoe on reference ID REF-4775.
LOG1039,2024-11-01 16:19:01,jdoe,Access Account,REF-5848,Access Account performed by jdoe on reference ID REF-5848.
LOG1040,2024-01-29 02:36:50,etaylor,Create Journal Entry,REF-2149,Create Journal Entry performed by etaylor on reference ID REF-2149.
LOG1041,2024-04-23 05:56:19,cjohnson,Create Journal Entry,REF-0155,Create Journal Entry performed by cjohnson on reference ID REF-0155.
LOG1042,2024-02-06 08:08:59,cjohnson,View Transaction,REF-8197,View Transaction performed by cjohnson on reference ID REF-8197.
LOG1043,2024-10-14 00:01:38,mwilliams,Create Transaction,REF-8168,Create Transaction performed by mwilliams on reference ID REF-8168.
LOG1044,2024-01-17 02:52:34,asmith,View Transaction,REF-8153,View Transaction performed by asmith on reference ID REF-8153.
LOG1045,2024-05-01 19:49:49,jdoe,Update Journal Entry,REF-3971,Update Journal Entry performed by jdoe on reference ID REF-3971.
LOG1046,2024-03-02 19:54:13,cjohnson,Update Transaction,REF-1067,Update Transaction performed by cjohnson on reference ID REF-1067.
LOG1047,2024-03-02 19:18:21,asmith,Run Report,REF-4532,Run Report performed by asmith on reference ID REF-4532.
LOG1048,2024-09-26 08:03:48,jdoe,Delete Transaction,REF-3030,Delete Transaction performed by jdoe on reference ID REF-3030.
LOG1049,2024-10-27 10:06:01,etaylor,Access Account,REF-7017,Access Account performed by etaylor on reference ID REF-7017.
