AuditTrailID,TransactionID,Date,User,Action,Description
AT1000,T1000,2024-06-24 00:40:22,etaylor,Delete,Delete action by etaylor on Transaction ID T1000.
AT1001,T1000,2024-09-23 14:58:10,mwilliams,Update,Update action by mwilliams on Transaction ID T1000.
AT1002,T1001,2024-10-11 15:53:51,cjohnson,Update,Update action by cjohnson on Transaction ID T1001.
AT1003,T1002,2024-05-20 15:19:01,mwilliams,Update,Update action by mwilliams on Transaction ID T1002.
AT1004,T1002,2024-09-09 01:26:36,mwilliams,Reject,Reject action by mwilliams on Transaction ID T1002.
AT1005,T1003,2024-07-13 21:53:03,asmith,View,View action by asmith on Transaction ID T1003.
AT1006,T1004,2024-06-29 16:09:42,mwilliams,View,View action by mwilliams on Transaction ID T1004.
AT1007,T1004,2024-08-13 22:05:30,etaylor,Update,Update action by etaylor on Transaction ID T1004.
AT1008,T1005,2024-07-31 03:19:42,cjohnson,Reject,Reject action by cjohnson on Transaction ID T1005.
AT1009,T1005,2024-03-15 01:40:00,asmith,Approve,Approve action by asmith on Transaction ID T1005.
AT1010,T1005,2024-07-19 14:01:39,cjohnson,View,View action by cjohnson on Transaction ID T1005.
AT1011,T1006,2024-02-20 00:46:29,etaylor,Create,Create action by etaylor on Transaction ID T1006.
AT1012,T1006,2024-05-27 18:20:14,cjohnson,Approve,Approve action by cjohnson on Transaction ID T1006.
AT1013,T1006,2024-03-06 12:09:48,jdoe,View,View action by jdoe on Transaction ID T1006.
AT1014,T1007,2024-01-31 22:12:33,cjohnson,Create,Create action by cjohnson on Transaction ID T1007.
AT1015,T1008,2024-09-02 04:21:36,jdoe,Update,Update action by jdoe on Transaction ID T1008.
AT1016,T1008,2024-01-25 00:34:56,cjohnson,Create,Create action by cjohnson on Transaction ID T1008.
AT1017,T1009,2024-09-10 18:33:39,mwilliams,Update,Update action by mwilliams on Transaction ID T1009.
AT1018,T1009,2024-10-22 09:09:56,jdoe,Update,Update action by jdoe on Transaction ID T1009.
AT1019,T1009,2024-09-16 19:49:39,etaylor,Update,Update action by etaylor on Transaction ID T1009.
AT1020,T1010,2024-02-06 08:31:49,etaylor,Approve,Approve action by etaylor on Transaction ID T1010.
AT1021,T1010,2024-10-14 06:16:58,mwilliams,View,View action by mwilliams on Transaction ID T1010.
AT1022,T1010,2024-02-13 05:23:41,asmith,View,View action by asmith on Transaction ID T1010.
AT1023,T1011,2024-03-22 03:07:36,cjohnson,View,View action by cjohnson on Transaction ID T1011.
AT1024,T1011,2024-10-19 18:07:12,mwilliams,Update,Update action by mwilliams on Transaction ID T1011.
AT1025,T1012,2024-10-31 16:59:17,jdoe,Delete,Delete action by jdoe on Transaction ID T1012.
AT1026,T1012,2024-05-24 16:26:20,mwilliams,Reject,Reject action by mwilliams on Transaction ID T1012.
AT1027,T1013,2024-10-17 06:55:11,mwilliams,View,View action by mwilliams on Transaction ID T1013.
AT1028,T1014,2024-02-15 04:43:57,asmith,Delete,Delete action by asmith on Transaction ID T1014.
AT1029,T1015,2024-07-17 19:57:07,mwilliams,Reject,Reject action by mwilliams on Transaction ID T1015.
AT1030,T1015,2024-09-26 15:43:05,jdoe,Approve,Approve action by jdoe on Transaction ID T1015.
AT1031,T1015,2024-10-06 05:16:39,mwilliams,Reject,Reject action by mwilliams on Transaction ID T1015.
AT1032,T1016,2024-07-17 03:35:08,jdoe,Reject,Reject action by jdoe on Transaction ID T1016.
AT1033,T1017,2024-05-12 15:48:17,etaylor,Reject,Reject action by etaylor on Transaction ID T1017.
AT1034,T1018,2024-07-13 13:23:43,asmith,View,View action by asmith on Transaction ID T1018.
AT1035,T1018,2024-09-20 21:48:18,jdoe,Approve,Approve action by jdoe on Transaction ID T1018.
AT1036,T1019,2024-05-21 00:48:11,mwilliams,Update,Update action by mwilliams on Transaction ID T1019.
AT1037,T1019,2024-10-14 05:55:09,asmith,Reject,Reject action by asmith on Transaction ID T1019.
AT1038,T1019,2024-01-21 22:42:14,jdoe,Delete,Delete action by jdoe on Transaction ID T1019.
AT1039,T1020,2024-07-24 03:07:46,asmith,Delete,Delete action by asmith on Transaction ID T1020.
AT1040,T1021,2024-05-25 07:43:22,mwilliams,Approve,Approve action by mwilliams on Transaction ID T1021.
AT1041,T1021,2024-05-14 06:57:10,mwilliams,Update,Update action by mwilliams on Transaction ID T1021.
AT1042,T1022,2024-01-06 18:18:24,asmith,Update,Update action by asmith on Transaction ID T1022.
AT1043,T1023,2024-03-20 19:28:37,asmith,Delete,Delete action by asmith on Transaction ID T1023.
AT1044,T1023,2024-02-19 13:42:58,cjohnson,Create,Create action by cjohnson on Transaction ID T1023.
AT1045,T1023,2024-01-30 01:09:18,asmith,Create,Create action by asmith on Transaction ID T1023.
AT1046,T1024,2024-01-07 06:20:17,asmith,Create,Create action by asmith on Transaction ID T1024.
AT1047,T1024,2024-08-08 06:19:51,cjohnson,View,View action by cjohnson on Transaction ID T1024.
AT1048,T1025,2024-09-02 09:50:16,asmith,Create,Create action by asmith on Transaction ID T1025.
AT1049,T1025,2024-05-03 06:48:30,cjohnson,Delete,Delete action by cjohnson on Transaction ID T1025.
AT1050,T1025,2024-10-26 23:27:29,cjohnson,Delete,Delete action by cjohnson on Transaction ID T1025.
AT1051,T1026,2024-05-21 03:51:49,cjohnson,View,View action by cjohnson on Transaction ID T1026.
AT1052,T1026,2024-02-05 08:16:25,cjohnson,Create,Create action by cjohnson on Transaction ID T1026.
AT1053,T1027,2024-07-08 02:25:14,asmith,Approve,Approve action by asmith on Transaction ID T1027.
AT1054,T1027,2024-09-26 11:52:22,jdoe,View,View action by jdoe on Transaction ID T1027.
AT1055,T1028,2024-03-16 10:46:58,etaylor,Approve,Approve action by etaylor on Transaction ID T1028.
AT1056,T1028,2024-02-14 05:54:16,mwilliams,Update,Update action by mwilliams on Transaction ID T1028.
AT1057,T1028,2024-04-01 23:10:03,cjohnson,Delete,Delete action by cjohnson on Transaction ID T1028.
AT1058,T1029,2024-10-24 14:37:17,etaylor,Reject,Reject action by etaylor on Transaction ID T1029.
AT1059,T1029,2024-03-11 00:25:21,jdoe,Reject,Reject action by jdoe on Transaction ID T1029.
AT1060,T1029,2024-01-19 06:18:27,cjohnson,View,View action by cjohnson on Transaction ID T1029.
AT1061,T1030,2024-08-19 06:32:54,etaylor,Create,Create action by etaylor on Transaction ID T1030.
AT1062,T1030,2024-04-14 10:37:01,asmith,View,View action by asmith on Transaction ID T1030.
AT1063,T1031,2024-11-02 03:59:59,jdoe,View,View action by jdoe on Transaction ID T1031.
AT1064,T1032,2024-05-29 07:46:55,asmith,View,View action by asmith on Transaction ID T1032.
AT1065,T1033,2024-01-26 06:13:16,etaylor,Approve,Approve action by etaylor on Transaction ID T1033.
AT1066,T1033,2024-01-02 17:47:02,asmith,Reject,Reject action by asmith on Transaction ID T1033.
AT1067,T1034,2024-05-26 14:43:29,mwilliams,Delete,Delete action by mwilliams on Transaction ID T1034.
AT1068,T1035,2024-05-01 20:21:51,cjohnson,Update,Update action by cjohnson on Transaction ID T1035.
AT1069,T1035,2024-09-25 08:26:36,mwilliams,View,View action by mwilliams on Transaction ID T1035.
AT1070,T1036,2024-01-06 00:00:21,cjohnson,View,View action by cjohnson on Transaction ID T1036.
AT1071,T1037,2024-04-05 16:23:45,mwilliams,Reject,Reject action by mwilliams on Transaction ID T1037.
AT1072,T1037,2024-02-19 00:07:40,jdoe,Update,Update action by jdoe on Transaction ID T1037.
AT1073,T1038,2024-06-05 11:34:53,etaylor,Approve,Approve action by etaylor on Transaction ID T1038.
AT1074,T1038,2024-08-11 12:34:43,mwilliams,Approve,Approve action by mwilliams on Transaction ID T1038.
AT1075,T1039,2024-05-25 18:12:39,mwilliams,Reject,Reject action by mwilliams on Transaction ID T1039.
AT1076,T1040,2024-03-12 11:24:57,mwilliams,Delete,Delete action by mwilliams on Transaction ID T1040.
AT1077,T1040,2024-10-21 08:55:55,etaylor,View,View action by etaylor on Transaction ID T1040.
AT1078,T1041,2024-10-21 22:10:56,asmith,View,View action by asmith on Transaction ID T1041.
AT1079,T1041,2024-08-27 08:57:19,etaylor,Update,Update action by etaylor on Transaction ID T1041.
AT1080,T1042,2024-10-07 23:57:09,mwilliams,Approve,Approve action by mwilliams on Transaction ID T1042.
AT1081,T1043,2024-06-29 08:35:33,jdoe,View,View action by jdoe on Transaction ID T1043.
AT1082,T1044,2024-10-21 14:51:09,etaylor,View,View action by etaylor on Transaction ID T1044.
AT1083,T1045,2024-06-11 09:47:57,mwilliams,Delete,Delete action by mwilliams on Transaction ID T1045.
AT1084,T1045,2024-09-05 14:08:40,mwilliams,Delete,Delete action by mwilliams on Transaction ID T1045.
AT1085,T1046,2024-08-29 01:10:34,cjohnson,View,View action by cjohnson on Transaction ID T1046.
AT1086,T1047,2024-08-02 14:50:53,cjohnson,Update,Update action by cjohnson on Transaction ID T1047.
AT1087,T1048,2024-03-26 10:48:15,jdoe,Update,Update action by jdoe on Transaction ID T1048.
AT1088,T1049,2024-10-11 20:36:02,asmith,Create,Create action by asmith on Transaction ID T1049.
AT1089,T1049,2024-08-29 11:49:57,asmith,View,View action by asmith on Transaction ID T1049.
AT1090,T1049,2024-07-27 02:36:27,jdoe,Approve,Approve action by jdoe on Transaction ID T1049.
